review_id,review_text,sentiment_label,sentiment_score,identified_theme(s)
0,it's not working,neutral,0.0,App Performance & Stability Issues
1,"Hello, I‚Äôm facing a problem with the BOA Mobile app. Every time I enter my phone number and password, the app crashes and shows an error that says ‚ÄúBoaMobile closed because this app has a bug.‚Äù I tried updating, reinstalling, and clearing cache, but nothing worked. Please fix this bug in the next update. I really need access to my account. Thank you.",neutral,0.0333333333333333,App Performance & Stability Issues
2,exceptional,positive,0.6666666666666666,Uncategorized Feedback
3,BoA Mobile good bank,positive,0.7,Uncategorized Feedback
4,this is worest app 24/7 loading,neutral,0.0,Uncategorized Feedback
5,This App is not interest for Android phone Please update it .,neutral,0.0,Uncategorized Feedback
6,BoA system is confartable,neutral,0.0,Uncategorized Feedback
7,"this app, for me , is a waste of time. It doesn't work . I can't even long in, and it really piss me off. FIX THE PROBLEM",neutral,-0.0166666666666666,Uncategorized Feedback
8,Good service.,positive,0.7,Uncategorized Feedback
9,the app crush frequently,neutral,0.1,Uncategorized Feedback
10,good,positive,0.7,Uncategorized Feedback
11,You guys keeps getting worst,negative,-1.0,General Negative Feedback
12,good,positive,0.7,Uncategorized Feedback
13,"This app is a joke. It crashes more than it works, takes forever to load, and half the features are just decorative at this point. Can‚Äôt log in, can‚Äôt transfer money, can‚Äôt even check my balance without it bugging out. To the developer: Are you actually trying to make this work, or is this some kind of social experiment to test our patience? Did you build this in your sleep? Because it definitely looks like it. If this is your idea of a functional app, maybe consider a different career pathüôè",positive,0.1380952380952381,App Performance & Stability Issues
14,BoA,neutral,0.0,Uncategorized Feedback
15,good,positive,0.7,Uncategorized Feedback
16,but not opening on android,neutral,0.0,Uncategorized Feedback
17,Worst App ever. Totally unreliable. And it didn't work at all for the last 4 months.,negative,-0.3333333333333333,General Negative Feedback; Positive User Experience & Features
18,amazing,positive,0.6000000000000001,Positive User Experience & Features
19,excellent app,positive,1.0,Positive User Experience & Features
20,excellent,positive,1.0,Positive User Experience & Features
21,·àû·àã·ã¨ ·ä®·â†·ã∞,neutral,0.0,Uncategorized Feedback
22,"this app does no work on Samsung a51, it just gives a preview of the logo",neutral,0.0,Uncategorized Feedback
23,nice,positive,0.6,Uncategorized Feedback
24,"i entered incorrect security question by mistake boa app lock pin forever, why is there no other options? ?? i contacted different branchs more then 4times but they didn't able to solve this issue .",positive,0.265625,Uncategorized Feedback
25,Best app,positive,1.0,Uncategorized Feedback
26,liking this application good üëç,positive,0.7,Uncategorized Feedback
27,"This app future is good, but there is problems with apps to reset and activate it, which is difficult even to the branch staffs, and it takes too long times to active at the branch plus most of the time high expected failure of activation after process at the counter and OTP sent not work",neutral,0.0288888888888888,App Performance & Stability Issues
28,good,positive,0.7,Uncategorized Feedback
29,good,positive,0.7,Uncategorized Feedback
30,good,positive,0.7,Uncategorized Feedback
31,wow,neutral,0.1,Uncategorized Feedback
32,it's really good üëç,positive,0.7,Uncategorized Feedback
33,Bad app . it stuck when you open and noting WORKS.,negative,-0.3499999999999999,Neutral/Functional Feedback
34,"the app isn't working after it asked me the password it starts loading, but it doesn't open",neutral,0.0,Uncategorized Feedback
35,Best,positive,1.0,Uncategorized Feedback
36,It keeps showing this pop up to turn off developer options even tho it's off! I had to turn on and then off to make it work! This is a horrible experience and needs a fix asap! Plus kinda slow.,negative,-0.65,General Negative Feedback; Poor Customer Service
37,yideg,neutral,0.0,Uncategorized Feedback
38,·ä†·ã≠·ä®·çç·âµ·àù ·ä•·äÆ,neutral,0.0,Uncategorized Feedback
39,great boa,positive,0.8,Positive User Experience & Features
40,Best,positive,1.0,Uncategorized Feedback
41,boa of mobile backing,neutral,0.0,Uncategorized Feedback
42,nice,positive,0.6,Uncategorized Feedback
43,faster bank of Abissinya,neutral,0.0,Positive User Experience & Features
44,i would have given it a lower if it was possible because it crush so much and it take the bank so long to fix the bug,neutral,0.05,Uncategorized Feedback
45,it just doesn't work...so frustrating,negative,-0.4,General Negative Feedback
46,like,neutral,0.0,Uncategorized Feedback
47,it's not work correctly... you must have update it,neutral,0.0,App Performance & Stability Issues
48,"the app gets a considerable improvements like language , QR scanner and unlimited transfers survice. but BOA Please do alot on its fastness and convenient when we login and making a transactions.",neutral,0.1,Positive User Experience & Features
49,after i typed in my password it says successfully logged out ...and goes back to the first page,positive,0.3333333333333333,Uncategorized Feedback
50,good but they don't update enough don't add new things,positive,0.2787878787878787,Uncategorized Feedback
51,very good,positive,0.91,Uncategorized Feedback
52,thank you,neutral,0.0,Uncategorized Feedback
53,it doesn't work period z slowest mobile banking ever i would rather use *815#,neutral,0.0,Poor Customer Service
54,"after activated the application it not allowed to sign , automatically it is turn off In my phone, why ?",neutral,0.0,Uncategorized Feedback
55,good application,positive,0.7,Uncategorized Feedback
56,this version is not working for me I cannot even buy card. I cannot send money,neutral,0.0,App Performance & Stability Issues
57,"It can't actively on initialization, it says incorrect OTP getting the exact OTP",neutral,0.0583333333333333,Uncategorized Feedback
58,always problematic hardly works,negative,-0.2916666666666667,Neutral/Functional Feedback
59,considering the fact the bank is huge this app really bad you could do better,neutral,0.0666666666666667,Uncategorized Feedback
60,best app,positive,1.0,Uncategorized Feedback
61,very good,positive,0.91,Uncategorized Feedback
62,"worst app and Bank ever u be ashamed, scammer",negative,-1.0,General Negative Feedback
63,great BoA,positive,0.8,Positive User Experience & Features
64,best,positive,1.0,Uncategorized Feedback
65,i have went to the bank so many times because i couldn't make any transaction i can only see my balance nothing else so what is the point of having mobile banking if i can't make any transaction with it please work in that,positive,0.25,Uncategorized Feedback
66,good,positive,0.7,Uncategorized Feedback
67,good,positive,0.7,Uncategorized Feedback
68,there is no speed,neutral,0.0,Uncategorized Feedback
69,"For anyone who wants to download it, just don't!!!",positive,0.390625,Uncategorized Feedback
70,wonderful,positive,1.0,Uncategorized Feedback
71,all worck,neutral,0.0,Uncategorized Feedback
72,Best app,positive,1.0,Uncategorized Feedback
73,Loved it,positive,0.7,Uncategorized Feedback
74,Wow,neutral,0.1,Uncategorized Feedback
75,"Edit: New bug, app not letting me type in my otp codes. Shameful Why does this app not allow me to use it while having developer options on? Did y'all consider that I might, perhaps, be an actual developer? Why am I expected to toggle the option on and off just to bank (restarting my phone when I do)? Why is the message labled as somthing that will ""smoothen"" the experience? This is like the most ""security consultant"" thing to implement in an app. Please invest in actual security, not this mess.",neutral,0.0602272727272727,Positive User Experience & Features
76,Improved to be the best,positive,1.0,Uncategorized Feedback
77,BoA,neutral,0.0,Uncategorized Feedback
78,"Decent, but there problems sometimes it says error When i transfer money but infact it transferred because of this bug i transferred 2 times instead of 1 and also we can't transfer money to others telebirr acc we only can to our self BOE Dev fix this !!!",neutral,0.0833333333333333,Neutral/Functional Feedback
79,BoA Greqt Ethiopian bank.,neutral,0.0,Uncategorized Feedback
80,"The bug is still there,the app crashes every time i try to log in, especially in old phones like my Galaxy A32",positive,0.2,App Performance & Stability Issues
81,Almost better compared to cbe where it is not qualified for,positive,0.5,Uncategorized Feedback
82,what awesome apps. it is very simple to use and more much important apps.,positive,0.475,Uncategorized Feedback
83,Wonderfull app,neutral,0.0,Uncategorized Feedback
84,i can't use this app why?,neutral,0.0,Uncategorized Feedback
85,Worst mobile banking app I ever experienced I was blaming other apps but comparing with this they're too much better!!!! It clashes it takes much longer time to login while loading in short it's a complete of trash,positive,0.1392857142857143,General Negative Feedback
86,Wow,neutral,0.1,Uncategorized Feedback
87,bro the worst app made by human kind!! as a software engineer it make me so sad seeing enterprise as big as BOA make apps like this. it is a disgrace for our country!!,negative,-0.1125,General Negative Feedback
88,AGA B Girja Miss language of admin Afaan oromo & other Itoophiyaa languages,negative,-0.125,Uncategorized Feedback
89,Good app,positive,0.7,Uncategorized Feedback
90,"I downloaded the app for the first time while reading other customers reviews and as soon as i installed and opened the app it closes back automatically, what unserious bank, now i uninstalled the app immediately",neutral,0.0416666666666666,Uncategorized Feedback
91,It has good features but sometimes it doesn't work...0,positive,0.7,Uncategorized Feedback
92,Very poor proformance,negative,-0.52,Uncategorized Feedback
93,It's not opening. Really frustrating,negative,-0.4,General Negative Feedback
94,Verry Amazing App from all IB,positive,0.6000000000000001,Positive User Experience & Features
95,Not working on this days,neutral,0.0,App Performance & Stability Issues
96,Thank you BoA,neutral,0.0,Uncategorized Feedback
97,best banking app in the wworld,positive,1.0,Uncategorized Feedback
98,Nice app and it's easy to use,positive,0.5166666666666666,Positive User Experience & Features
99,"please add language in the apps setting(amharic afan oromo, tigniya,and others) sometimes bank to bank transfer is not available through time and even if if it is available not reachable‚Ä¶it is serious issue!",neutral,-0.0722222222222222,Uncategorized Feedback
100,This is help full i like ittttt,positive,0.35,Uncategorized Feedback
101,The is not functional at all?,neutral,0.0,Neutral/Functional Feedback
102,Best bank,positive,1.0,Uncategorized Feedback
103,Make it easy and convienient to use and perfect for all to high prefrence and choice.,positive,0.5311111111111111,Positive User Experience & Features
104,good,positive,0.7,Uncategorized Feedback
105,üá™üáπüá™üáπüá™üáπüá™üáπüá™üáπüá™üáπüëçüëçüëçüëçüëçüëçüëç,neutral,0.0,Uncategorized Feedback
106,I have been using this app for two years.It is amazing.,positive,0.6000000000000001,Positive User Experience & Features
107,Good üëç,positive,0.7,Uncategorized Feedback
108,Sad experience,negative,-0.5,Uncategorized Feedback
109,Always do update and that is annoying,negative,-0.8,General Negative Feedback
110,"Best app, somehow waiting a few minutes",positive,0.4,Uncategorized Feedback
111,I can't dijitalize my atm in the apollo app on my phone,neutral,0.0,Uncategorized Feedback
112,Whenever I try to sign in app close please fixed it out,neutral,0.1,Uncategorized Feedback
113,Beter,neutral,0.0,Uncategorized Feedback
114,Boa,neutral,0.0,Uncategorized Feedback
115,·â†·å£·àù ·ã®·àö·ã´·àµ·å†·àã ·ä†·çï ·â†·å£·àù ·ã®·ãà·à®·ã∞ ·ãú·àÆ ·äê·ãç ·ã®·àù·à∞·å†·ãç ·ãò·àÆ It's not App it's very slow ehhhh. Why don't you upgrade the app???? It's always zero,negative,-0.39,Poor Customer Service
116,Aadan Axmed Barkhadle,neutral,0.0,Uncategorized Feedback
117,üò°üò°üò°ü§¨ü§¨ü§¨,neutral,0.0,Uncategorized Feedback
118,Horrible customer service and app crashes Horrible!!,negative,-1.0,App Performance & Stability Issues; General Negative Feedback
119,I love it,positive,0.5,Uncategorized Feedback
120,Best,positive,1.0,Uncategorized Feedback
121,It keeps asking me to turn off developer mode even when dev mode is off. Couldn't use it.,neutral,0.0,Uncategorized Feedback
122,Goodüôè,neutral,0.0,Uncategorized Feedback
123,Like to much,positive,0.2,Uncategorized Feedback
124,Thank you,neutral,0.0,Uncategorized Feedback
125,Perfect,positive,1.0,Positive User Experience & Features
126,The best of best,positive,1.0,Uncategorized Feedback
127,I was using this app for long time it amazing user friendly UI but the i can't found for get pin button in the app,positive,0.3083333333333333,Excellent Customer Service; Positive User Experience & Features
128,Boa,neutral,0.0,Uncategorized Feedback
129,Great üëç,positive,0.8,Positive User Experience & Features
130,Fast and suitable for the customers.,positive,0.375,Positive User Experience & Features
131,Good üëç,positive,0.7,Uncategorized Feedback
132,Good app and helpful,positive,0.7,Excellent Customer Service
133,"I will give only one star, because it faced with multiple of problems. 1. The app is not as fast as the other banks App, for e.g like CBE 2. The App asks repeatedly to switch off developer options, even if it is switched off. 3. Bank of Abyssinia's services are interesting, but they ignored the issues on the App service. 4. Most customers gave a complain on the App, but no one accept their complain to fix the issue. 5. Lastly, I will not recommend the App unless the issue has been solved ASAP!!",positive,0.1535714285714285,Poor Customer Service; Positive User Experience & Features
134,By assessing this you can tell Abyssinia bank has no idea what mobile banking is ?,neutral,0.0,Uncategorized Feedback
135,It doesn't work at all.,neutral,0.0,Uncategorized Feedback
136,this app is not available,negative,-0.2,Uncategorized Feedback
137,Best,positive,1.0,Uncategorized Feedback
138,Wow what amazing,positive,0.35,Positive User Experience & Features
139,love it,positive,0.5,Uncategorized Feedback
140,·â†·å£·àù ·àò·àª·àª·àç ·ä†·àà·â†·âµ....... ·àà ·â£·äï·ä© ·àõ·ã≠·àò·å•·äï ·àò·â∞·åç·â†·à≠·ã´ ·äê·ãç ::,neutral,0.0,Uncategorized Feedback
141,Lemn embi yilal??,neutral,0.0,Uncategorized Feedback
142,Good,positive,0.7,Uncategorized Feedback
143,It's useless app downgraded.,negative,-0.5,Uncategorized Feedback
144,Why is not letting me access my account. The whole point of this app is for me to gey access to my account without physically being at the bank. I would give it a zero but a one will suffice to get my point accross.,neutral,0.1,Uncategorized Feedback
145,Nice,positive,0.6,Uncategorized Feedback
146,When are you going to get rid of this and have a real app that works? By far the worst mobile banking app.,negative,-0.2333333333333333,General Negative Feedback
147,·ä†·ã≠·à∞·à´·àù ·àº·àù ·äê·ãç·ç§,neutral,0.0,Uncategorized Feedback
148,Not that much bad,negative,-0.6999999999999998,Uncategorized Feedback
149,Fine,positive,0.4166666666666667,Neutral/Functional Feedback
150,The dirtiest application ever seen...,neutral,0.0,Uncategorized Feedback
151,Nic ap,neutral,0.0,Uncategorized Feedback
152,The forest app ever,neutral,0.0,Uncategorized Feedback
153,"I love BoA more than anyone but they are cursed when it comed to mobile banking. Even though this ine is hetter it still s*cks! It will ask me to turn off developer options other wise it won't work! I use CBE, Awash birr, tekebirr, Dashen bank and others but non of them asked me this, why only BoA? Please improve your mobile banking, be competitive!",positive,0.375,Uncategorized Feedback
154,Bank of abissena,neutral,0.0,Uncategorized Feedback
155,Good,positive,0.7,Uncategorized Feedback
156,"Easy and sooo simple to use it, also its easy to stole someones money using the app",positive,0.2888888888888889,Uncategorized Feedback
157,GOOD,positive,0.7,Uncategorized Feedback
158,The worst banking app ever. Never works!,negative,-1.0,General Negative Feedback
159,Poorly functioning app,negative,-0.4,Uncategorized Feedback
160,Very nice,positive,0.78,Uncategorized Feedback
161,Your system is the worst you should do betterüò°üò°üò°üò°üò°üò°,negative,-1.0,General Negative Feedback
162,It has been a while since you guys started giving the mobile app service but still couldn't get it to work. I'm sure you know that it doesn't work already but not sure if you're lazy or incompetent to fix it. You are losing business because of this. Complacency will have consequences.,neutral,-0.0875,Uncategorized Feedback
163,"This is the best app; many features are awesome, but it should work without the need to turn off the developer options. I'm tired of having to constantly switch the developer options off and on. I've been expressing my struggles about this. I have precious settings enabled in the developer options, and to open the App Boa app, I have to turn them off. Please help us, Abyssinia Bank. I hope you can provide an update soon.",positive,0.3714285714285714,Uncategorized Feedback
164,"I‚Äôm giving this app one star because there are no options below that. My experience has been incredibly frustrating due to the extremely long loading times, and the app even closes automatically at times. People choose mobile banking for its convenience, but this app is far too time-consuming, making it the worst I‚Äôve used. I hope improvements are made to enhance the user experience.",negative,-0.295,General Negative Feedback
165,Nice,positive,0.6,Uncategorized Feedback
166,Very unprofessional and mischievous bank in my opinion. I have had several occasions but recently I used Abyssinia Card to withdraw money and it was deducted from my account but despite reporting several times they said they are processing it but I learned yesterday that since it has been 3 months the bank has decided to include it in their income. How absurd. If you can avoid this bank.,neutral,-0.06,Excellent Customer Service
167,It doesn't work on my 2 devices A05 and A34 üò°,neutral,0.0,Uncategorized Feedback
168,It's better to say I don't use boa rather than pulling your phone out and opening this app,positive,0.5,Uncategorized Feedback
169,My attention is very important because it will be the most difficult time for me,positive,0.1733333333333333,Uncategorized Feedback
170,"I have a worst experience while using this mobile application through out the year. Most of the time it fails to ""Login"" or automatically closed the app. And also it takes so much loading time (5 minutes +) trying to access the internal services. Sometimes also while transferring within and to other bank also fails. So, BOA please fix your app.",negative,-0.190625,General Negative Feedback
171,I don't know why but your apps start out great then all of a sudden don't workü§∑‚Äç‚ôÄÔ∏è,positive,0.4,Positive User Experience & Features
172,This application is losing major factions on a daily basis. I can count how many times I have used this app; it is completely useless and disappointing if I am not going to use it in times of need then I don't see the point.,negative,-0.1075,General Negative Feedback
173,exellent digital transaction of money,neutral,0.0,Uncategorized Feedback
174,The latest update has stopped android 9 phones not to open this App. Never work properly since i started using it.,positive,0.1666666666666666,Uncategorized Feedback
175,Best,positive,1.0,Uncategorized Feedback
176,Great,positive,0.8,Positive User Experience & Features
177,üëèüëèüëè,neutral,0.0,Uncategorized Feedback
178,Money,neutral,0.0,Uncategorized Feedback
179,It needs more improvment,positive,0.5,Uncategorized Feedback
180,Hey Google,neutral,0.0,Uncategorized Feedback
181,Good app,positive,0.7,Uncategorized Feedback
182,ab,neutral,0.0,Uncategorized Feedback
183,Ademtahir,neutral,0.0,Uncategorized Feedback
184,‚úåÔ∏è‚úåÔ∏è,neutral,0.0,Uncategorized Feedback
185,Please this app on my android phone,neutral,0.0,Uncategorized Feedback
186,GOAT üêê üêê,neutral,0.0,Uncategorized Feedback
187,"Your app doesn't match your bank, the app is disaster, super slow. Please learn something from tele birr app.",neutral,0.0166666666666666,Poor Customer Service
188,Fast and reliable,positive,0.2,Positive User Experience & Features
189,"The worst app update ever. Why would you include the ""developer option off"" thing here? Why do you care? It is my phone my money, right? That is the reason why I switched to other banks. So either turn it off or everyone will discontinue their business one by one.",negative,-0.2797619047619047,General Negative Feedback
190,Very good,positive,0.91,Uncategorized Feedback
191,One of the poorest mobile banking system,neutral,0.0,Uncategorized Feedback
192,‚ù§‚ù§‚ù§‚ù§‚ù§‚ù§,neutral,0.0,Uncategorized Feedback
193,Oene,neutral,0.0,Uncategorized Feedback
194,i find it interesting specially in reciept downloading,positive,0.4285714285714286,Uncategorized Feedback
195,it good,positive,0.7,Uncategorized Feedback
196,"This app crashes everytime, please fix it",neutral,0.0,App Performance & Stability Issues
197,·ä†·äï·ãµ star ·à´·à± ·ã≠·â†·ãõ·â†·â≥·àç·ç¢ i dont recomend to use this app also the bank,neutral,0.0,Uncategorized Feedback
198,I need a support the app is not working,neutral,0.0,App Performance & Stability Issues
199,Bast bank of ethiopia,neutral,0.0,Uncategorized Feedback
200,Good,positive,0.7,Uncategorized Feedback
201,very slow app. ·ä†·â¢·à≤·äí·ã´·äï ·ä®·àö·ã´·ä≠·àç ·â£·äï·ä≠ ·ã®·àõ·ã≠·å†·â†·âÖ software app. ·ä®·âª·àã·âΩ·àÅ ·àô·àâ ·àà·àô·àâ ·ä•·äï·ã∞·åà·äì ·ä†·à∞·à©·âµ·ç¢·â†·å£·àù ·ã≠·àò·à´·ã´·àç ·ã´·à≥·çç·à´·àç·ç¢·ààapp ·ã®·ãà·å£·ãç ·ãà·å≠ ·â†·àô·àµ·äì ·ã®·â∞·â†·àã ·äê·ãç ·ã®·àö·àò·àµ·àà·ãç·ç¢,negative,-0.39,Poor Customer Service
202,"thank you for your social services like, vertual banking, non touch ATM, Cadrless and withdrwal with out passbook...",neutral,0.0333333333333333,Uncategorized Feedback
203,The worst App i have never seen like this before,negative,-1.0,General Negative Feedback
204,Wweeeer,neutral,0.0,Uncategorized Feedback
205,Infinx,neutral,0.0,Uncategorized Feedback
206,Great service,positive,0.8,Positive User Experience & Features
207,üëç,neutral,0.0,Uncategorized Feedback
208,This app is not available on all android versions and some times it is not functional.,negative,-0.2,Neutral/Functional Feedback
209,senayt Mesfin,neutral,0.0,Uncategorized Feedback
210,Bad app vety bad.,negative,-0.6999999999999998,Uncategorized Feedback
211,Nice,positive,0.6,Uncategorized Feedback
212,Abessnya Banke,neutral,0.0,Uncategorized Feedback
213,"The most useless app, I never expected such an irrelevant app from BOA. big shame!",neutral,-0.075,Neutral/Functional Feedback
214,Okay,positive,0.5,Neutral/Functional Feedback
215,Professional on banking app,neutral,0.1,Excellent Customer Service
216,Has some nice interface but always freezes or slow to load .App developers please fix this issue.,positive,0.1499999999999999,App Performance & Stability Issues; Poor Customer Service
217,·ä†·ã≠·à∞·à´·àù ·ä†·àµ·â∞·ä´·ä≠·àâ·âµ,neutral,0.0,Uncategorized Feedback
218,Please try another because this app doesn't feet the need of this generation,neutral,0.0,Uncategorized Feedback
219,Good,positive,0.7,Uncategorized Feedback
220,Fast transfer,positive,0.2,Positive User Experience & Features
221,"What's up I can't log in, what's wrong",negative,-0.5,Uncategorized Feedback
222,Amrumehamed,neutral,0.0,Uncategorized Feedback
223,Good,positive,0.7,Uncategorized Feedback
224,"Nice to meet you my proud bank in Ethiopia.. I'm a member of this bank, i need to solve my problem of international receiving money for me from my online digital working service's over the world please? I'm working a lot of international money.But i can't get direct in Ethiopia because of don't knowing the legal ways of getting money in Ethiopia please can I get and direct deposit with BoA please üôèüôèüôè?",positive,0.225,Uncategorized Feedback
225,Very good,positive,0.91,Uncategorized Feedback
226,·ã∞·ã∞·åà·äê·àê,neutral,0.0,Uncategorized Feedback
227,"Terrible Bank Experience It‚Äôs unbelievable that with all the modern technology, this bank still struggles with even basic transactions. The app constantly crashes, services are limited, and every time I try to transfer money or load Telebirr, there‚Äôs a huge delay. I have to wait 5 days for failed transactions to be refunded! Even USSD is unreliable. They‚Äôve put me in embarrassing situations countless times, and customer care never fixes anything. I‚Äôve switched banks, and you should too!",negative,-0.1496031746031746,App Performance & Stability Issues; General Negative Feedback; Positive User Experience & Features; Transaction & Account Issues
228,A painfully slow banking app service. Please don't make it your choice!,negative,-0.375,Poor Customer Service
229,Good App,positive,0.7,Uncategorized Feedback
230,Best app to me,positive,1.0,Uncategorized Feedback
231,BOA,neutral,0.0,Uncategorized Feedback
232,Abdulkadir,neutral,0.0,Uncategorized Feedback
233,Bad,negative,-0.6999999999999998,Uncategorized Feedback
234,If it is possible I would gove0 star,neutral,0.0,Uncategorized Feedback
235,Nise mobile bankig,neutral,0.0,Uncategorized Feedback
236,Overall good app but performance needs some improvement also sometimes when using instant other bank transfers it refuses causing to be repeated several times to transfer,positive,0.1149999999999999,Uncategorized Feedback
237,Ok,positive,0.5,Uncategorized Feedback
238,Just make it work pleaseü§£ this is embarrassing for a bank of your size,neutral,0.0,Uncategorized Feedback
239,Update to the simplest way it requires the developer option on and off why this is,neutral,0.0,Uncategorized Feedback
240,"Stop telling me what to do with my phone, BOA. Why does your newly updated app keep asking me to disable the developer options? I‚Äôm not slowing down my phone just to use your God damn app. ü§Æü§Æü§Æü§Æ",neutral,-0.0095959595959596,Poor Customer Service
241,I'm living out of country how may I download and use mobile banking? It asks me the Ethiopia phone number and I can't receive text to confirm because I'm out side the country. So please lete know if I can use while I'm outside the country. Thanks,neutral,0.1,Uncategorized Feedback
242,Good,positive,0.7,Uncategorized Feedback
243,Worest app,neutral,0.0,Uncategorized Feedback
244,The worest app ever,neutral,0.0,Uncategorized Feedback
245,·ä†·à™·çç ·äê·ãç ·â†·à≠·â±·àç·äï,neutral,0.0,Uncategorized Feedback
246,Wwwerrr,neutral,0.0,Uncategorized Feedback
247,·åÄ·àõ·àç ·ãç·âÄ·â±,neutral,0.0,Uncategorized Feedback
248,Great For Financial company,positive,0.4,Positive User Experience & Features
249,Very easy to use,positive,0.5633333333333334,Positive User Experience & Features
250,The App's crash always.. Error.....,neutral,0.0,Uncategorized Feedback
251,This app is incredibly frustrating to use. It‚Äôs filled with issues that make it difficult to navigate and complete tasks efficiently. I‚Äôve never encountered such a poorly designed banking application before. It needs significant improvements to enhance user experience. It deserves a vey low rating.,neutral,-0.053125,Excellent Customer Service; General Negative Feedback
252,nice,positive,0.6,Uncategorized Feedback
253,Great UI and seamless UX. I love it!!,positive,0.5604166666666667,Positive User Experience & Features
254,That's too good application but try to add more alternatives and futures or possibilitys for your customers,positive,0.6,Uncategorized Feedback
255,It's easy used to operate program and secured üëçüëç,positive,0.4333333333333333,Positive User Experience & Features
256,I bought a mobile card on this app but I didn't receive it and it took my money and I didn't get my money back.,neutral,0.0,Uncategorized Feedback
257,Amazing,positive,0.6000000000000001,Positive User Experience & Features
258,Great app with great services,positive,0.8,Positive User Experience & Features
259,Yes active user,negative,-0.1333333333333333,Uncategorized Feedback
260,Shameful,neutral,0.0,Uncategorized Feedback
261,The worest app ever made i would not recommende for no one,neutral,0.0,Uncategorized Feedback
262,Good application,positive,0.7,Uncategorized Feedback
263,I like,neutral,0.0,Uncategorized Feedback
264,Good,positive,0.7,Uncategorized Feedback
265,"How many hours should I wait after transferring money to telebirr, please do something about the transfer delay issue I need my money when ever.",positive,0.5,Uncategorized Feedback
266,"BOA is unreasonably holding and delaying transactions for more than a day, even transactions within the same bank itself. This is a huge gap that I observed in BOA mobile banking. I didn't experience this kind of challenge while having transactions in other banks' mobile banking platforms. After waiting so long, I called your customer support team and the response they gave me was ""it was the system that holds the transaction & will be released on working days"". This is not totally fair.",positive,0.1392857142857143,Uncategorized Feedback
267,·ã®·ä•·à≠·àµ·ãé·äï ·â∞·àû·ä≠·àÆ ·ã≠·åç·àà·åπ (·ä†·àõ·à´·å≠),neutral,0.0,Uncategorized Feedback
268,It's not working. It needs a big update. Can't you update the app quickly?,positive,0.1666666666666666,App Performance & Stability Issues
269,"I am Aimohon Joel , It's can be Good for a Better Conversation in Time üôÇ",positive,0.6,Uncategorized Feedback
270,"Better app than most mobile apps, but why do I have to turn off developer option every time I wanna use the app?? It's annoying.",neutral,0.0666666666666666,General Negative Feedback
271,Bes and freindly app,neutral,0.0,Uncategorized Feedback
272,It doesn't work.,neutral,0.0,Uncategorized Feedback
273,"It say ""The request was not successful. please check device connectivity or try again"" why? One of the bank manager told me it is because of my phone's android version which is 9.1 It is ridiculous! Disappointing",negative,-0.4638888888888888,General Negative Feedback
274,How to download or screenshot of payment receipt...what kinda worst app ever ü§Æü§Æü§¢,negative,-1.0,General Negative Feedback
275,Good,positive,0.7,Uncategorized Feedback
276,Smart technology,positive,0.2142857142857142,Uncategorized Feedback
277,Yegema app tishü™®,neutral,0.0,Uncategorized Feedback
278,Ok,positive,0.5,Uncategorized Feedback
279,"This is not an appropriate app, i don't know how boa develops this app, i don't expect this much crazy and un confortable app form BOA, I'm soory!!!",negative,-0.25,Uncategorized Feedback
280,"Shockingly bad! Even when it decides to work, it's painfully slow and frustrating. Such a shame that it has become a stain on an extraordinary bank",negative,-0.2483333333333333,General Negative Feedback; Poor Customer Service
281,"It crashes frequently. It launches on Android 8.1 but I don't think it actually works on versions less than 10. If so, it shouldn't be available for download by such devices to begin with, like many other finance apps are not. It was so much better three months ago, upgrades should be for the better.",positive,0.1898148148148148,App Performance & Stability Issues
282,Awesome application. But lately its crashing everytime i opened it.,positive,0.35,Uncategorized Feedback
283,·ä•·åÖ·àù ·â†·å£·àù ·ã∞·ä´·àõ ·ä†·çï ·äê·ãç ·à≤·çà·àç·åç ·ã≠·ä®·çç·â≥·àç ·à≤·çà·àç·åç ·ä†·ã≠·ä®·çç·âµ·àù ·ä®·ä†·ãã·àΩ ·ä•·äì ·äï·åç·ãµ ·â£·äï·ä≠ ·ã®·àò·à≥·à∞·àâ ·â£·äï·äÆ·âΩ ·à≤·ãà·ã≥·ã∞·à≠ ·àû·â£·ã≠·àç ·â£·äï·ä™·äï·åç App ·ä•·åÖ·åç ·ã®·àö·ã´·â†·à≥·å≠ ·äê·ãç ·àà·ãç·å• ·ã´·àµ·çà·àç·åã·âΩ·äã·àç,neutral,0.0,Uncategorized Feedback
284,good,positive,0.7,Uncategorized Feedback
285,Fast one,positive,0.2,Positive User Experience & Features
286,Nice looking app but a terrible user experience.,negative,-0.2,General Negative Feedback
287,The worest MB app ever!!üôÑ,neutral,0.0,Uncategorized Feedback
288,Very good,positive,0.91,Uncategorized Feedback
289,It is ok,positive,0.5,Uncategorized Feedback
290,Plz fix the Apps ....screenshot lovation hide from glarey share botten not worküòîüòî,neutral,0.0,App Performance & Stability Issues
291,Good,positive,0.7,Uncategorized Feedback
292,Apollo's,neutral,0.0,Uncategorized Feedback
293,The worst experience ever,negative,-1.0,General Negative Feedback
294,Hussenaliumar,neutral,0.0,Uncategorized Feedback
295,Good,positive,0.7,Uncategorized Feedback
296,Hi I have problem with this App BOA mobile I don't know what is wrong with this App I did many times download but it's sam doesn't work if sam like that this app way I have to be customer with them how I know my account and checking save The book is no Not enough alone,neutral,0.0,Uncategorized Feedback
297,It is not work for my device,neutral,0.0,App Performance & Stability Issues
298,"I'm Sick and tiered of enabling and disabling Developer Option Everytime I use this app. maybe you know it maybe you dont, fix it please it's anoying",negative,-0.7142857142857143,Uncategorized Feedback
299,The worst app ever,negative,-1.0,General Negative Feedback
300,Good,positive,0.7,Uncategorized Feedback
301,Betanya Gebre,neutral,0.0,Uncategorized Feedback
302,I dont recommand it to any one,neutral,0.0,Uncategorized Feedback
303,Good,positive,0.7,Uncategorized Feedback
304,Excellent app,positive,1.0,Positive User Experience & Features
305,"The application used to work well. But after updates I'm not able to use the forgot password feature, which is blocking me from accessing it as a whole.",neutral,-0.0249999999999999,Uncategorized Feedback
306,·âµ·à≠·àÉ·àµ,neutral,0.0,Uncategorized Feedback
307,Gio,neutral,0.0,Uncategorized Feedback
308,App isn't working,neutral,0.0,Uncategorized Feedback
309,Best app,positive,1.0,Uncategorized Feedback
310,so far good but always it lugs,positive,0.3999999999999999,Uncategorized Feedback
311,Don't trust this bank and its service.,neutral,0.0,Uncategorized Feedback
312,"I can not open and use the application,please help me!",neutral,0.0,Uncategorized Feedback
313,Horrible,negative,-1.0,General Negative Feedback
314,Mostly not working üòë,negative,-0.25,App Performance & Stability Issues
315,Good,positive,0.7,Uncategorized Feedback
316,Awesome üëå,positive,1.0,Uncategorized Feedback
317,"Despite the enhanced technology you have, the application doesn't work properly, and it asks for the developer option to be turned off, fix that.",neutral,0.0,Uncategorized Feedback
318,Thank you,neutral,0.0,Uncategorized Feedback
319,Very poor app b/c highly slow to open the app,negative,-0.2733333333333334,Poor Customer Service
320,Ok,positive,0.5,Uncategorized Feedback
321,best,positive,1.0,Uncategorized Feedback
322,Best app,positive,1.0,Uncategorized Feedback
323,Wedi Tekle .,neutral,0.0,Uncategorized Feedback
324,Bad appüì±üëéüëéüëé,negative,-0.6999999999999998,Uncategorized Feedback
325,Dura nan fayyadaman ture amma garuu naaf hojjechaa hin jiru maaf?,neutral,0.0,Uncategorized Feedback
326,Nice appp,positive,0.6,Uncategorized Feedback
327,·à∞·àã·àù ·ä†·â¢·à≤·äí·ã´·ãé·âΩ ·ã®·àû·â£·ã≠·àç ·â£·äï·ä™·äï·åã·âΩ·àÅ ·â∞·å†·âÉ·àö ·äê·äù ·ä†·åà·àç·åç·àé·â±·äï ·àµ·àã·àµ·åÄ·àò·à´·âΩ·àÅ·àà·äï ·ä•·äì·àò·à∞·åç·äì·àà·äï·ç¢ ·äê·åà·à≠ ·åç·äï ·ä†·àà·çé ·ä†·àç·çé ·ã®·äê·â†·à®·ãç ·ã®·àõ·àµ·çà·äï·å†·à™·ã´·ãç ·â†·ä†·åç·â£·â° ·ä†·àà·àò·àµ·à´·âµ ·ä†·àç·çé ·ä†·àç·çé ·ãà·ã∞·àò·àµ·à´·âµ ·â∞·âÄ·ã≠·àØ·àç ·ãµ·àÆ ·ä•·äï·ã∞·äê·â†·à´·âΩ·àÅ ·ä•·äì·ãç·âÉ·àà·äï ·ãò·äï·ãµ·àÆ·àù ·â•·âµ·äñ·à©·àç·äï ·ä•·äï·àò·à≠·å£·àà·äï *·ä®·ãò·àò·äï ·ä†·äï·åâ·ã∞·àç*,neutral,0.0,Uncategorized Feedback
328,Gooood app my dear,neutral,0.0,Uncategorized Feedback
329,Harun tamam galanaa,neutral,0.0,Uncategorized Feedback
330,"A total disaster of an app. Always offline, never works, it's embarassing. I've lost hope and taken my business to a competitor",neutral,0.0,Neutral/Functional Feedback
331,Gamebela,neutral,0.0,Uncategorized Feedback
332,so poor app to use can't start up when open the app,negative,-0.2,Uncategorized Feedback
333,"This app takes too long time to be opened. And even it is not working simply as other banks application. Why this app does not give a digital invoice. Even, I am not able to find where the screeshot is kept after transaction. So, please the developer should fix all these.",negative,-0.10625,App Performance & Stability Issues
334,Good job,positive,0.7,Uncategorized Feedback
335,"Worst app ever, not user friendly, even doesn't serve basic functionality correctly, takes to much time to login and navigate through the app, we expected more from this bank",neutral,-0.0041666666666666,Excellent Customer Service; General Negative Feedback; Positive User Experience & Features
336,good,positive,0.7,Uncategorized Feedback
337,Good,positive,0.7,Uncategorized Feedback
338,Bad app .,negative,-0.6999999999999998,Uncategorized Feedback
339,"I mean how could a big financial company like this, be this much irresponsible to release this app? You should be ashamed!",neutral,-0.015625,Uncategorized Feedback
340,Review,neutral,0.0,Uncategorized Feedback
341,Goood,neutral,0.0,Uncategorized Feedback
342,Ok,positive,0.5,Uncategorized Feedback
343,üëéüëéüëéüëéüëéüëéüëéüëéüëé,neutral,0.0,Uncategorized Feedback
344,Is it necessary to switch off developer options every time to use mobile banking?ü§îü§îüò°üò°üò°,neutral,0.0,Uncategorized Feedback
345,The previous version is better it doesn't work,positive,0.1666666666666666,Uncategorized Feedback
346,"I don't know what is wrong with BOA as a bank in general. It's been going backwards since last year or so. The app is a disaster to use in every possible way. Not stable to log in and very slow to perform transactions, couldn't take a screenshot (or can't even find the pictures even using its save screenshot option). Most of the time, it fails to perform transactions and so on. Simply, it's the worst!",negative,-0.2044444444444444,General Negative Feedback; Poor Customer Service
347,ok,positive,0.5,Uncategorized Feedback
348,Nice,positive,0.6,Uncategorized Feedback
349,"Take some note from CBE mobile banking app, it's the best banking app currently take some note and improve ur app . Sometimes u have to learn from the bests üôå",positive,0.5,Uncategorized Feedback
350,Great,positive,0.8,Positive User Experience & Features
351,It's a useless app,negative,-0.5,Uncategorized Feedback
352,"It's not working as it was , so much need to improve, it was the best but not anymore",positive,0.6,App Performance & Stability Issues
353,Poor network,negative,-0.4,Uncategorized Feedback
354,Not yet completely working this App. i don't know when is it will be working properly! Its Sad!!!,negative,-0.2921875,Uncategorized Feedback
355,The app does not open sometimes it says coonection issue which i dont have and after it opens it has bugs while using its not smooth to work with please improve it,neutral,-0.1,Positive User Experience & Features
356,"It's not working totally, what a useless app is it,",negative,-0.25,App Performance & Stability Issues
357,"This app has become the most troubling every day. It doesn't work. I love the bank, and I hate the app",neutral,0.0666666666666666,Uncategorized Feedback
358,this is so disappointing app üòû,negative,-0.6,General Negative Feedback
359,·ä†·â¢·àµ·äí·ã´ ·ã®·àÅ·àâ·àù ·àù·à≠·å´,neutral,0.0,Uncategorized Feedback
360,Ok,positive,0.5,Uncategorized Feedback
361,Nays,neutral,0.0,Uncategorized Feedback
362,The worst app,negative,-1.0,General Negative Feedback
363,it can't even open and only display error messages,neutral,0.0,Uncategorized Feedback
364,not active,neutral,0.0666666666666666,Uncategorized Feedback
365,To get good quality,positive,0.7,Uncategorized Feedback
366,·ä†·ã≠·à∞·à´·àù ·ä•·äÆ ·àù·äï·ãµ·äï ·äê·ãç ·âΩ·åç·à©?,neutral,0.0,Uncategorized Feedback
367,uselss app dont download,neutral,0.0,Uncategorized Feedback
368,"Is this app fake i try it not working it say please try again later, unable to make transactions what is the purpose of this app . If it is not working delete it",negative,-0.3333333333333333,App Performance & Stability Issues
369,"This app didn't work. They have a new version (new app) but still not compatible with my Samsung S8+ , which is v.funny.",positive,0.1363636363636363,Uncategorized Feedback
370,Corrupted and poor app,negative,-0.4,Uncategorized Feedback
371,Good,positive,0.7,Uncategorized Feedback
372,When I try to use the application it says 'developer setting should be off' where is the setting to off this play Still doesn't work for me,neutral,0.0,Uncategorized Feedback
373,Nice,positive,0.6,Uncategorized Feedback
374,FIX YOUR Apollo!! You guys where the best üëå,positive,1.0,Uncategorized Feedback
375,Always slow and doesn't work on weekends if you are in a rush or a merchant this app is not for you,negative,-0.3,Poor Customer Service
376,"It's very difficult to use the user, app,ones dawenload the user can't operate well , no one can help me,",negative,-0.65,Uncategorized Feedback
377,Poor application. It turned off by itself,negative,-0.4,Uncategorized Feedback
378,Okay,positive,0.5,Neutral/Functional Feedback
379,Allowed,neutral,0.0,Uncategorized Feedback
380,It usually crashes and the reason it gives is a problem on internet connection although the internet was fine.,neutral,0.0833333333333333,App Performance & Stability Issues
381,we want international mobile banking,neutral,0.0,Uncategorized Feedback
382,"screenshot isn't working, Please modify it",neutral,0.0,Uncategorized Feedback
383,Naziriet measho 89160437,neutral,0.0,Uncategorized Feedback
384,Ahmed Mohammed husen,neutral,0.0,Uncategorized Feedback
385,Is not working both this one and apollo did u make it better pls am gonne stop using this bank because of the mobile banking,positive,0.5,App Performance & Stability Issues
386,I have experiance,neutral,0.0,Uncategorized Feedback
387,The App is not working on Android 9.1 at all. It shows an error notification and forcefully closes the app. Must be fixed ASAP.,neutral,0.1,App Performance & Stability Issues
388,Wow,neutral,0.1,Uncategorized Feedback
389,Crashes very frequently is not stable overall need improvement such a huge bank needs a better app than the current one,positive,0.1391666666666666,App Performance & Stability Issues
390,·à≠·ã≠·à≠·çç,neutral,0.0,Uncategorized Feedback
391,The previous application is much better than this one,positive,0.1666666666666666,Uncategorized Feedback
392,"Worst app. It is wise to invest money and you can make it like CBE app. Even the incon has no image. My app has better UI than yours. So, please invest more and hire professional developer companies and improve it.",positive,0.1599999999999999,Excellent Customer Service; General Negative Feedback
393,mal,neutral,0.0,Uncategorized Feedback
394,It is not working at all,neutral,0.0,App Performance & Stability Issues
395,Excellent,positive,1.0,Positive User Experience & Features
396,The poorest mobile banking survice ever. Only error reports frequently,neutral,0.05,Uncategorized Feedback
397,Wow,neutral,0.1,Uncategorized Feedback
398,üòûüòûüòûüòû,neutral,0.0,Uncategorized Feedback
399,I like this mobile banking app very much. Overall user interface and navigation is awesome. But it lacks instant response when someone deposit or withdraw money.,positive,0.3333333333333333,Uncategorized Feedback
400,love,positive,0.5,Uncategorized Feedback
401,·àò·â∏·à∏·å†,neutral,0.0,Uncategorized Feedback
402,wow,neutral,0.1,Uncategorized Feedback
403,gadaa,neutral,0.0,Uncategorized Feedback
404,Massive upgrade from the Amole app.,neutral,0.0,Uncategorized Feedback
405,good,positive,0.7,Uncategorized Feedback
406,very good for this app,positive,0.91,Uncategorized Feedback
407,top,positive,0.5,Uncategorized Feedback
408,this app better than Amole . but the biometric on new update doesn't work,positive,0.3181818181818182,Uncategorized Feedback
409,Wow,neutral,0.1,Uncategorized Feedback
410,good,positive,0.7,Uncategorized Feedback
411,wow to it saff and this app,neutral,0.1,Uncategorized Feedback
412,it too slow,negative,-0.3,Poor Customer Service
413,·ã≥·àΩ·äï ·â£·äï·ä≠ ·ã≠·àà·ã´·àç,neutral,0.0,Uncategorized Feedback
414,real life changer,positive,0.2,Uncategorized Feedback
415,üëçüëçüëç,neutral,0.0,Uncategorized Feedback
416,good,positive,0.7,Uncategorized Feedback
417,nice application,positive,0.6,Uncategorized Feedback
418,good,positive,0.7,Uncategorized Feedback
419,wow,neutral,0.1,Uncategorized Feedback
420,useless app ever loading take long,negative,-0.275,Uncategorized Feedback
421,"Game changer app! Dashen Bank Super App is fast, secure, and easy to use. The three-click payment makes sending money super quick, and the QR code payment is perfect for cashless shopping. I also love the biometric login and easy airtime and bill payments. Everything I need is in one place. Dashen Bank has really raised the bar for digital banking in Ethiopia. Highly recommended!",positive,0.2974358974358975,Positive User Experience & Features
422,very useful App,positive,0.39,Uncategorized Feedback
423,"Simple, robust features? Yes, please! But the endless loading screen killed the fun‚ÄîI couldn‚Äôt use it for days. Fix the glitch, and I‚Äôll yeet a higher rating!",neutral,-0.003125,Uncategorized Feedback
424,Wawww,neutral,0.0,Uncategorized Feedback
425,it is good but some times says duplicate transaction why?,positive,0.7,Uncategorized Feedback
426,very Nice,positive,0.78,Uncategorized Feedback
427,its best,positive,1.0,Uncategorized Feedback
428,it is not as good as to the other mobile bank app.,positive,0.2875,Uncategorized Feedback
429,"The best of best is now arrived **Empowering Your Financial Freedom** ""Experience seamless banking at your fingertips with Dashen Bank. Empowering your financial freedom, anytime, anywhere!"" **Innovation Meets Convenience** ""Dashen Bank Mobile Banking: Where innovation meets convenience. **Secure and Reliable** ""Bank with confidence",positive,0.4166666666666667,Positive User Experience & Features
430,wow,neutral,0.1,Uncategorized Feedback
431,Nothing is changed in the updated version. You have been collecting comments but where is the feed back you improved in this version. superapp is mot functioning today.,neutral,0.0,Uncategorized Feedback
432,good,positive,0.7,Uncategorized Feedback
433,its best,positive,1.0,Uncategorized Feedback
434,The best app ever in finance sector,positive,1.0,Uncategorized Feedback
435,Its good app than other compitators but it confuse when we transfer it needs OTP and PIN most user inter their pin instead of OTP we know the litrecy level of our society so if it is device based i dont know the needs of OTP so please try to fix,positive,0.3583333333333333,Uncategorized Feedback
436,dashen bank or dashen super app?,positive,0.3333333333333333,Uncategorized Feedback
437,wowwwe app,neutral,0.0,Uncategorized Feedback
438,"Transferring to other bank accounts is a hastle and inconvenient .Get used to seeing "" please try again """,negative,-0.3625,Positive User Experience & Features
439,good,positive,0.7,Uncategorized Feedback
440,always lagging,neutral,0.0,Uncategorized Feedback
441,Amazing Application...,positive,0.6000000000000001,Positive User Experience & Features
442,Fantastic,positive,0.4,Positive User Experience & Features
443,"Dashen bank app is very good, but sometimes it is not working well",positive,0.91,App Performance & Stability Issues
444,its my choice,neutral,0.0,Uncategorized Feedback
445,wow apo,neutral,0.1,Uncategorized Feedback
446,awesome app keep going,positive,1.0,Uncategorized Feedback
447,wow,neutral,0.1,Uncategorized Feedback
448,üëç,neutral,0.0,Uncategorized Feedback
449,"It grows ethiopian digital banking step ahead.All fetures in one,simple fast and convince.",neutral,0.1,Positive User Experience & Features
450,Game changer,negative,-0.4,Uncategorized Feedback
451,Totally amazing,positive,0.6000000000000001,Positive User Experience & Features
452,super üòé,positive,0.3333333333333333,Uncategorized Feedback
453,what a helpful app!!!!,neutral,0.0,Excellent Customer Service
454,Good,positive,0.7,Uncategorized Feedback
455,nice,positive,0.6,Uncategorized Feedback
456,wow,neutral,0.1,Uncategorized Feedback
457,"To be honest, best banking and lifestyle app in Ethiopia.",positive,0.8,Uncategorized Feedback
458,fast,positive,0.2,Positive User Experience & Features
459,"A must have, seamless, all in one digital platform ""DB Superapp""! Keep living your motto ""Always one step ahead""",neutral,0.05,Positive User Experience & Features
460,"This App makes digital banking effortless and convenient. User-friendly interface, secure transactions, and excellent features for managing finances efficiently.",positive,0.4666666666666666,Excellent Customer Service; Positive User Experience & Features
461,good,positive,0.7,Uncategorized Feedback
462,Amazing app super easy to use and best design. loved it.,positive,0.6133333333333333,Positive User Experience & Features
463,its the best ever,positive,1.0,Uncategorized Feedback
464,nice,positive,0.6,Uncategorized Feedback
465,excellent game changer App,positive,0.3,Positive User Experience & Features
466,I am highly excited by using this application and it is the most favorable as well as preferrable mobile app.,positive,0.4375,Uncategorized Feedback
467,it seems me logging out within minutes,neutral,0.0,Uncategorized Feedback
468,nice app especially GUI and I have got some error when you send within dashen bank the receipter is not get SMS notification,positive,0.3,Uncategorized Feedback
469,yes i want dashen super open,positive,0.1666666666666666,Uncategorized Feedback
470,Best App,positive,1.0,Uncategorized Feedback
471,faster than this version,neutral,0.0,Positive User Experience & Features
472,"Best UI mobile banking app, props to design team",positive,1.0,Uncategorized Feedback
473,thank you,neutral,0.0,Uncategorized Feedback
474,great app,positive,0.8,Positive User Experience & Features
475,bad.,negative,-0.6999999999999998,Uncategorized Feedback
476,Dashen bank always one step ahead,neutral,0.0,Uncategorized Feedback
477,dashen super app is secure band very easy,positive,0.4322222222222223,Positive User Experience & Features
478,It is very fast and secured mobile banking app! I like this app!,positive,0.40625,Positive User Experience & Features
479,best app I have ever seen,positive,1.0,Uncategorized Feedback
480,best of best,positive,1.0,Uncategorized Feedback
481,waw,neutral,0.0,Uncategorized Feedback
482,best app,positive,1.0,Uncategorized Feedback
483,Its slow when i try to see the Recent Transaction and stucked,negative,-0.15,Poor Customer Service
484,wowslnwoooo wowwww amazing !!!!!!!!,positive,1.0,Positive User Experience & Features
485,wow appl,neutral,0.1,Uncategorized Feedback
486,why do i have to change a pin number i use my finger print so dummy,neutral,0.0,Uncategorized Feedback
487,very nice,positive,0.78,Uncategorized Feedback
488,great,positive,0.8,Positive User Experience & Features
489,"It is very slow and it lacks many features to be a super app. High rating is given by their employees, not by the customers.",positive,0.1508333333333333,Poor Customer Service
490,"Smooth and secure experience transfers, bill payments, and tracking expenses are all effortless. The intuitive design makes banking on the go.",positive,0.4,Positive User Experience & Features
491,Very easy and Fast.,positive,0.3816666666666667,Positive User Experience & Features
492,Incomparably user-friendly and fast app for mobile banking.,positive,0.3,Excellent Customer Service; Positive User Experience & Features
493,"there is nothing super about this app, repeatedly failed transaction and wastes customer valuable time. if you have to do system upgrade do it at a time when there is less traffic demand. your Technical difficulty should not be reflected on customer.",negative,-0.1066666666666666,Transaction & Account Issues
494,execellent,neutral,0.0,Uncategorized Feedback
495,"This super app is a total game-changer‚Äîfast, reliable, and packed with everything I need in one place. It‚Äôs seamless and super convenient. Love it!""",positive,0.2783333333333333,Positive User Experience & Features
496,All in One ‚úçÔ∏èsecure ‚úçÔ∏èreliable ‚úçÔ∏èconvenient. Digital banking game changer!!,negative,-0.3125,Positive User Experience & Features
497,it is incredible product.,positive,0.9,Uncategorized Feedback
498,"I'm really impressed with this app! It‚Äôs user-friendly, runs smoothly, and has all the features I need. Makes my tasks so much easier and saves me a lot of time. Highly recommended!",positive,0.4499999999999999,Excellent Customer Service; Positive User Experience & Features
499,best app,positive,1.0,Uncategorized Feedback
500,ok,positive,0.5,Uncategorized Feedback
501,"It's an amazing app, experience it!!",positive,0.9375,Positive User Experience & Features
502,This is the best banking app ever. I recommend everyone to use it.,positive,1.0,Uncategorized Feedback
503,It is the best application!!!,positive,1.0,Uncategorized Feedback
504,"Exceptional digital experience, SupperApp will bring new paradigm shift in the banking business. Bravo Dashen keep it up!!!!",positive,0.3331952335858585,Uncategorized Feedback
505,its features are so dynamic,neutral,0.0,Uncategorized Feedback
506,fast &Friendly user Application.,positive,0.2875,Excellent Customer Service; Positive User Experience & Features
507,"Fast, Reliable and User Friendly. Keep it Up",positive,0.2875,Excellent Customer Service; Positive User Experience & Features
508,"#dashen super app is easy to use, secure & fast transactionüòç",positive,0.3416666666666666,Positive User Experience & Features
509,i love this app esp 3 click that make e-commerce easier and convinient.,positive,0.5,Uncategorized Feedback
510,Dashen Super App contains extended selections for customers and can be easily accessible and also friendly to use.,positive,0.3611111111111111,Excellent Customer Service
511,Great for everyday banking and payments on the go,positive,0.3,Positive User Experience & Features
512,"""Dashen Super App'' is impressive with its focus on simplicity, speed, and quality. The user interface is clean and easy to understand. Transactions process quickly, and the overall quality of the app is top-notch. A must-have for Dashen Bank customers. ·ã≥·à∏·äï ·â£·äï·ä≠ ·ä†·äï·ãµ ·ä•·à≠·àù·åÉ ·âÄ·ã≥·àö·ç¢",positive,0.4952380952380952,Uncategorized Feedback
513,making transactions has never been easier. the new update is just amazing,positive,0.3681818181818182,Positive User Experience & Features
514,"The app has various usefull functions, which make easy the payment system. Also, it will connect with sellers having reasonable prices.",positive,0.2111111111111111,Uncategorized Feedback
515,The app has great user interface with comprehensive payments and E-commerce platforms. And also it includes unique features such as chat Banking and budget.,positive,0.3916666666666666,Positive User Experience & Features
516,betam mirt Ena betam le atikakem kelel Yale Ena michu application nw,neutral,0.0,Uncategorized Feedback
517,Convenient!,neutral,0.0,Positive User Experience & Features
518,It is an amazing application that meets the needs of customers.,positive,0.6000000000000001,Positive User Experience & Features
519,Effecting payment via the app has created convenience to the recipients in easily confirming the payments received!,positive,0.5416666666666667,Uncategorized Feedback
520,the best Supper App ever,positive,1.0,Uncategorized Feedback
521,"This is the best app ever, when is it planned to include digital lending and gasification?",positive,0.5,Uncategorized Feedback
522,"A powerful, local solution that rivals any global app. I love how easy it is to explore services and products.",positive,0.2466666666666666,Uncategorized Feedback
523,Dashen bank is my number one choice,neutral,0.0,Uncategorized Feedback
524,Assefa Genetu = Dashen superup is the latest and inclussive .I am happy with this super up.,positive,0.5444444444444444,Uncategorized Feedback
525,"The App is incredibly user-friendly and brings multiple services into one place. It's fast, intuitive, and makes daily tasks super convenient. A true all-in-one solution!",positive,0.3118055555555555,Excellent Customer Service; Positive User Experience & Features
526,"Proudly made in Ethiopia, this innovation delivers more than promised. The marketplace is a major boost for local commerce",positive,0.340625,Uncategorized Feedback
527,it so fanrastic and user friendly app. Bravo Dashen bank thanks.,positive,0.2875,Excellent Customer Service; Positive User Experience & Features
528,"one of the best digital platforms I've used! from smooth transactions to a seamless shopping experience, highly recommended.",positive,0.3319999999999999,Positive User Experience & Features
529,A proudly Ethiopia innovation that delivers beyond expectations. The marketplace feature is a big win for local shoppers bnd sellers,positive,0.4,Uncategorized Feedback
530,"Dashen Super App is a game-changer! It‚Äôs fast, user-friendly, and packed with features that make everyday banking and transactions super convenient. I love how everything I need from mobile banking to utility payments is all in one place. The interface is clean, and everything works smoothly. Definitely one of the best apps out there. Highly recommended!",positive,0.312962962962963,Excellent Customer Service; Positive User Experience & Features
531,Easy to use and has many options. It is the best financial app I have ever used.,positive,0.4833333333333333,Positive User Experience & Features
532,"Highly impressed! Dash Bank really nailed it with this app. Secure, reliable, and packed with features I use daily",positive,0.4,Positive User Experience & Features
533,"One of the best digital platforms I‚Äôve used! From smooth transactions to a seamless shopping experience, Highly recommended",positive,0.3319999999999999,Positive User Experience & Features
534,"This app has everything I was looking for, dashen is becoming a grandmaster.",positive,0.45,Uncategorized Feedback
535,Very convenient,positive,0.2,Positive User Experience & Features
536,"The user experience is seamless, and everything just works perfectly right out of the box. I can‚Äôt believe how much time and effort it saves me every day.",positive,0.1952380952380952,Positive User Experience & Features
537,wawwwww what nice super app !!keep it up dashen bank !!,positive,0.7069010416666666,Uncategorized Feedback
538,"Dashen SuperApp the ultimate all-in-one solution! From banking and shopping to bill payments, everything you need is right at your fingertips. Life just got a whole lot easier!",positive,0.1785714285714285,Uncategorized Feedback
539,"It is,really super because of its unique offerings to individuals and businesses.It is a secure UX first app intended to cater comprehensive digital meeds.I am also happy to know that Dashen is considering to make the app more inclusive by lowering the mobile version requirements .",positive,0.3797619047619047,Positive User Experience & Features
540,"the very easy, secured, fast and multifunctional dashen supper application I ever seen. dashen really one steps ahead!!!",positive,0.3846527777777778,Positive User Experience & Features
541,"One app for everything! I can shop, manage my bank account , and do so much more . Truly a super app",positive,0.4166666666666666,Uncategorized Feedback
542,one of the best digital platforms I‚Äôve used! From smooth transactions to a seamless shopping experie,positive,0.375,Positive User Experience & Features
543,"Dashen Bank super App is the most suitable, reliable, and fast digital banking system.",positive,0.3166666666666666,Positive User Experience & Features
544,Excellent app.,positive,1.0,Positive User Experience & Features
545,This is what we call banking app. As professional I want banking app as simple as this and an app rich of features that align with my lifestyle.,positive,0.1583333333333333,Excellent Customer Service
546,thanks again,positive,0.2,Uncategorized Feedback
547,Super Easy To Use and Fast Transaction.,positive,0.3222222222222222,Positive User Experience & Features
548,"I have an incredible experience with Dashen super app, what an amazing platform is it?. keep pioneering in technological advancement üëèüëèüëè",positive,0.6111111111111112,Positive User Experience & Features
549,"i can't recommend the Dashen Super App enough! This app is truly a game changer for anyone looking for a seamless and efficient way to manage their daily life. It combines multiple essential services into one easy-to-use platform, saving time and simplifying tasks The user interface is modern, intuitive, and super responsive, making navigation a breeze. Whether it's banking, payment services, or accessing lifestyle features, everything is just a few clicks away!!",neutral,0.0254166666666666,Excellent Customer Service; Positive User Experience & Features
550,"The app is incredibly handy for managing multiple financial tasks, from bill payments to managing budgets. It‚Äôs saved me a lot of time and made banking way more convenient. Definitely worth checking out!",positive,0.295,Positive User Experience & Features
551,what an App,neutral,0.0,Uncategorized Feedback
552,The new e-commerce feature is incredibly amazing and user friendly.,positive,0.3704545454545454,Excellent Customer Service; Positive User Experience & Features
553,"dashen bank supper app is the most easy to use and have high speed,quality and I like features like chat,budget,fuel payment, and security for my opinion this product is techonolgy edge,this international standard thanks for product oweners (dashen bank)",positive,0.2155555555555555,Positive User Experience & Features
554,"The Dashen supperapp is a revolutionary advancement in digital banking, combining exceptional usability, an intuitive interface and a seamless user experience. among its standout features are the integration of QR codes, account statement, transaction advise, chat, transaction authentication for limit thresholds, budgeting and different app in a single dashboard. Truly ahead of the curve ..... keep up the excellent work ü§ùüëè",positive,0.2825396825396825,Positive User Experience & Features
555,"A proudly Ethiopian innovation that delivers beyond expectations. The marketplace feature is a big win for local shoppers and sellers. Very impressed with the new updates, The e-commerce section is smooth and supports Ethiopian merchants!",positive,0.4623376623376623,Positive User Experience & Features
556,"Very impressed with the new updates, The e-commerce section is smooth and supports Ethiopian merchants.",positive,0.5121212121212121,Positive User Experience & Features
557,"Dashen Bank Super App is fast, reliable, and super easy to use. All my banking needs are handled smoothly in one place. Clean design and seamless experience ‚Äì highly recommended!",positive,0.2958333333333334,Positive User Experience & Features
558,"Db sup app is A platform or an application that can grasp more satisfactions through fastest mode of operation which means for budget planning, to use QR code(scan, pay, go) chat with staff, acc to acc other bank ft, merchant payment, and easly. I addition to i satisfied and i invite everyone to use those platform!!.",positive,0.3854166666666667,Positive User Experience & Features
559,the chat banking and unique and only app that alow money request!!,positive,0.1875,Uncategorized Feedback
560,Better and inclusive app!,positive,0.625,Uncategorized Feedback
561,Amazing Application,positive,0.6000000000000001,Positive User Experience & Features
562,It keep my time to pay my bills and I generate my satment easily,positive,0.4333333333333333,Uncategorized Feedback
563,"It's an amazing app that is up-to-date with the times, wow wow",positive,0.2666666666666666,Positive User Experience & Features
564,A game-changing Ethiopian innovation‚Äîwhere shopping meets opportunity. The marketplace feature connects buyers and sellers like never before.,neutral,0.0,Uncategorized Feedback
565,"Dashen Super App isn‚Äôt just an app ‚Äî it‚Äôs an experience. Effortless, powerful, and built for the future",positive,0.2111111111111111,Uncategorized Feedback
566,"This Is An Amazing App with Uniqe Quality,Easy And Fast Mobile Banking App.",positive,0.4,Positive User Experience & Features
567,"Dashen SuperApp is a lifesaver! Banking, shopping, and bills in one super easy app. The new e-commerce feature is awesome and supports local merchants. Fast, secure, and proudly Ethiopian.Download it now‚Äîyou won‚Äôt regret it!",positive,0.4378787878787878,Positive User Experience & Features
568,"Dashen SuperApp blends finance, shopping, and daily services effortlessly. The new e-commerce feature is smooth and supports local merchants‚Äîproud to back an Ethiopian-made solution!",positive,0.1072727272727272,Positive User Experience & Features
569,"A solid step forward by Dashen Bank. The SuperApp combines essential banking features with lifestyle services, making everything accessible in one place. The interface is smooth, and transactions are quick and reliable. It‚Äôs clear a lot of thought went into the design and functionality. Great job!",positive,0.3154761904761905,Positive User Experience & Features
570,Dashen bank super app is the crucial and convenient app in Ethiopia. there is no other app to compare with Dashen bank super app,positive,0.1822916666666666,Positive User Experience & Features
571,"All-in-one finance & e-commerce super app! Pay, save, shop seamlessly. Fast, secure. #BankAndShop",positive,0.3388888888888888,Positive User Experience & Features
572,it's a hestorical app. in the bank industry.,neutral,0.0,Uncategorized Feedback
573,"A game changer in Ethiopian digital banking fast, secure, and packed with services. Everything you need, all in one powerful app. A true leap toward financial convenience and innovation!",positive,0.1214285714285714,Positive User Experience & Features
574,"easy &,simple to use",positive,0.2166666666666666,Uncategorized Feedback
575,"Banking, but make it smart. Local solutions, all in one place. Smooth, fast, and actually saving time. Feels like the future. Love it!",positive,0.2056122448979591,Positive User Experience & Features
576,"All in one, that is it üëå",neutral,0.0,Uncategorized Feedback
577,", Dashen Bank Supper App is multipurpose, convenient, very attractive and Make life easier",positive,1.0,Positive User Experience & Features
578,very easy and flexible app.,positive,0.5633333333333334,Uncategorized Feedback
579,"I choose Dashen Bank Super Up since, it is easy to use & it has attractive features !",positive,0.5888888888888889,Positive User Experience & Features
580,dashen super app is simple faster and reliable.,positive,0.1666666666666666,Positive User Experience & Features
581,"Dashen Bank Super App is a game-changer! The user-friendly design, wide range of services, and smooth performance make it incredibly convenient for everyday banking. It‚Äôs fast, secure, and truly reflects the bank‚Äôs commitment to digital excellence. Highly recommended!",positive,0.2462962962962963,Excellent Customer Service; Positive User Experience & Features
582,"The app keeps getting better with every update! Smooth performance, great UI, and top-notch security. Thank you for making banking so convenient!""",positive,0.70625,Positive User Experience & Features
583,this app is the most simply to use and secure safe i love it to use for any bank transaction,positive,0.38,Positive User Experience & Features
584,"After i download the app recently had a smooth expriance, its user friendly, fast, and everything works as expected. keep up the good work.",positive,0.2625,Excellent Customer Service; Positive User Experience & Features
585,An app with High performance and advanced features!,positive,0.33,Uncategorized Feedback
586,"It is a very user friendly, attractive user interface, full of useful features. I really encourage everyone to give it a try.",positive,0.3708333333333333,Excellent Customer Service; Positive User Experience & Features
587,"Good actually , but it have to WORK when developer option is on üôè",positive,0.35,Uncategorized Feedback
588,"All-in-one convenience, From managing accounts to paying bills and shopping online and the chat banking is game changer, this app does it all seamlessly.",negative,-0.15,Positive User Experience & Features
589,I appreciate that Dashen Bank takes lifestyle services into account.,neutral,0.0,Uncategorized Feedback
590,keep it up!,neutral,0.0,Uncategorized Feedback
591,amazing app really i loved it .that's why we say dashen bank is one stap ahead. It's the best mobile application that should be on every phone.,positive,0.7666666666666666,Positive User Experience & Features
592,very comfortable app keep it,positive,0.52,Uncategorized Feedback
593,it has clear detail information about the application so it helps customer how to use the app. and it is very easy to use and also app is secure.,positive,0.3544444444444445,Positive User Experience & Features
594,"I have been using the Dashen Supper app mobile banking app , and overall, I appreciate its features.However,I‚Äôve noticed that when I turn on the developer options on my device, the app stops functioning properly. It would be great if you could look into this issue, as I often need to access developer settings for other applications . Thank you for your attention to this matter!",positive,0.1609375,Positive User Experience & Features
595,easiness to use with fast response time,positive,0.2,Positive User Experience & Features
596,"The new mobile banking application is a major upgrade! It‚Äôs incredibly user-friendly, with a clean and modern design that makes navigation simple and intuitive. I really appreciate how fast it loads and how smooth the overall experience is. All essential services like balance checks, transfers, and bill payments are eas y to find and use. The added security features give me peace of mind, and the app runs reliably without crashes or glitches. It‚Äôs clear a lot of thought went into the user experi",positive,0.2150962752525252,App Performance & Stability Issues; Excellent Customer Service; Positive User Experience & Features
597,"As an Internal Customer, Dashen Bank SuperApp has greatly simplified my online banking experience. It's easy to use, allowing me to quickly check balances, transfer money and pay Bills. The app's advanced security features are highly secure, ensuring my data is well protected. The Three click, Chat Banking and IPS features have also given me a smarter experience. In deed Dashen Bank is always steping ahead!",positive,0.4111111111111111,Positive User Experience & Features
598,"A truly impressive app ‚Äî user-friendly and a game-changer in Ethiopian banking. The Dashen Super App stands out as one of the most innovative and convenient digital banking solutions in Ethiopia‚Äôs financial history. Smooth navigation, seamless features, and a wide range of services all in one place. Well done!",positive,0.3009259259259259,Excellent Customer Service; Positive User Experience & Features
599,dashen bank super up has very fast and convenience and also it has contain more things on one app .I am very interesting to use dashen bank super up,positive,0.4153333333333333,Positive User Experience & Features
600,"The Dashen Bank Super App has truly elevated my mobile banking experience. It's fast, user-friendly, and packed with all the essential features. The interface is clean and intuitive, making navigation easy even for first-time users. I also appreciate the added security features that give me peace of mind while banking on the go. Dashen Bank has done an amazing job with this app‚Äîit‚Äôs reliable, efficient, and always improving. Highly recommended for anyone looking for seamless digital banking!",positive,0.2437037037037037,Excellent Customer Service; Positive User Experience & Features
601,A fantastic product!! keep the good work.,positive,0.6625,Positive User Experience & Features
602,"I am very impressed with the Dashen super app. It is user-friendly and operates efficiently. The budget and chatbot features are impressive, and all items can be purchased with just three clicks.",positive,0.7777777777777777,Excellent Customer Service
603,"The Dashen Super App offers a quick and user-friendly experience, bringing together a variety of services, like budgeting, payments, airtime recharges, and more, all in one convenient platform. Its sleek design and intuitive navigation ensure effortless transactions. It's evident that Dashen Bank has carefully crafted the app to make everyday financial activities easier. A great choice for anyone aiming to streamline their digital routines!",positive,0.2016666666666666,Excellent Customer Service; Positive User Experience & Features
604,Dashen supper App is the most useful app for our customers,positive,0.4,Uncategorized Feedback
605,it is the most amazing mobile app,positive,0.55,Positive User Experience & Features
606,A Good and fast supper app thanks for dashen bank,positive,0.3666666666666666,Positive User Experience & Features
607,"Dear Users of the Dashen Bank Super App,I have been using the Dashen Bank Super App for a while now, and I must say‚Äîit‚Äôs truly a game-changer! The app is incredibly fast and reliable; I‚Äôve never encountered any delays with my transactions. One feature I absolutely love is Chat Banking. It makes everyday tasks like checking my balance or transferring money as simple as sending a quick message. Also, the budgeting tool has been a huge help in tracking my spending and giving me a clearer",positive,0.2479166666666666,Positive User Experience & Features
608,Too best,positive,1.0,Uncategorized Feedback
609,"Dashen Bank Super Up,use the app and makes your easy,fast,convinent.",positive,0.3333333333333333,Positive User Experience & Features
610,To join digital world use supper app and make your life easy,positive,0.2166666666666666,Uncategorized Feedback
611,best mobile banking application,positive,1.0,Uncategorized Feedback
612,"This banking superapp is incredibly well designed. The design and appearance of the app and the overall experience I have when using the app is fantastic. The app is packed with features from banking to e-commerce all in one place.It even has a budget setting option which is super useful for managing my money. Everything runs smoothly and I love how convenient it has made my daily life. Huge Kudos to Dashen Bank. You are truly living up to the motto ''Always one step ahead."" Keep it up!",positive,0.3703703703703704,Positive User Experience & Features
613,I was really amazed by the idea of an e-commerce service on a banking app. This is what it means to be one step ahead. Please include all kinds of products in there as soon as possible.,neutral,0.1,Uncategorized Feedback
614,this is what we expect to get service Dashen Bank always like his slogan,neutral,0.0,Uncategorized Feedback
615,"Dashen SupApp is the most contemporary application, offering a great experience by enabling users to perform multiple tasks through a single platform‚Äîsuch as chatting with friends, transferring money, paying bills, and more. It is the first app of its kind in the Ethiopian banking industry, making it a remarkable opportunity for entrepreneurs working in app-based sales and software marketing. Good job, Dashen Bank!",positive,0.4370238095238095,Positive User Experience & Features
616,Dashen Super App gives me an amazing convenience and makes life easy.,positive,0.4555555555555555,Positive User Experience & Features
617,excellent mobile banking app,positive,1.0,Positive User Experience & Features
618,Wow! like his name Super App...,positive,0.2291666666666666,Uncategorized Feedback
619,Dashen supper app is the most special. ·ã≠·àù·âæ·â± ·ã≠·àà·ã´·ã´·àç!!!!,positive,0.6859654017857143,Uncategorized Feedback
620,convenient and fast,positive,0.2,Positive User Experience & Features
621,Best- in-class app.,positive,1.0,Uncategorized Feedback
622,I really like this amazing application and Dashen Supper app that has made my life easier.,positive,0.4,Positive User Experience & Features
623,Superb,positive,1.0,Uncategorized Feedback
624,"amazing features, faster and easy to use",positive,0.5166666666666667,Positive User Experience & Features
625,"The Dashen Super App offers a modern, user-friendly experience that leverages the latest technological advancements to deliver a seamless e-commerce platform",positive,0.2466666666666666,Excellent Customer Service; Positive User Experience & Features
626,Best App!,positive,1.0,Uncategorized Feedback
627,I love it. one of the best mobile banking app in the banking industry,positive,0.75,Uncategorized Feedback
628,I love this app,positive,0.5,Uncategorized Feedback
629,no working for me hulum information asgebiche continue or accept yemilew button ayeseram my phone is Samsung A51,neutral,0.0,Uncategorized Feedback
630,good,positive,0.7,Uncategorized Feedback
631,waw no idea the best app.,positive,1.0,Uncategorized Feedback
632,fast best app,positive,0.6,Positive User Experience & Features
633,Nice App,positive,0.6,Uncategorized Feedback
634,nice app ever,positive,0.6,Uncategorized Feedback
635,good,positive,0.7,Uncategorized Feedback
636,very disappointing app. Closes frequently and unstable in function,negative,-0.34,General Negative Feedback
637,"Feature-rich? Absolutely. But the speed? Painfully slow. Seriously, is it communicating with a server on Mars or something?",negative,-0.1444444444444444,Poor Customer Service
638,nic app,neutral,0.0,Uncategorized Feedback
639,Nice,positive,0.6,Uncategorized Feedback
640,"The Dashen Super App delivers a remarkably fast, highly secure, and exceptionally user-friendly experience, establishing it as a leading application in its category.keep it up and stay ahead Dashen Bank.",positive,0.4,Excellent Customer Service; Positive User Experience & Features
641,So far so good! their in person customer service is amazing üëè,positive,0.525,Positive User Experience & Features
642,The app is very backward and doesn't always work. If it works three hours out of 24 hours it's great!üò•,positive,0.2,Positive User Experience & Features
643,·àù·à≠·å´·ã¨ ·äê·ãç,neutral,0.0,Uncategorized Feedback
644,It's bad for the connection and too many days are it that not working,neutral,-0.0999999999999999,App Performance & Stability Issues
645,it's samart,neutral,0.0,Uncategorized Feedback
646,"The app is not working properly, I have been using it.",neutral,0.0,App Performance & Stability Issues
647,it is very good app,positive,0.91,Uncategorized Feedback
648,"I had a disappointing experience with Dashen Bank's Super Up service. The app is very slow and takes forever to load during transactions, which is incredibly frustrating. Additionally, it doesn't generate receipts for any transactions, making it difficult to keep track of my expenses. I also reached out to customer support, but the response time was longer than expected. Overall, I was hoping for a better experience, but I find the service lacking and in need of improvement.",negative,-0.1445833333333333,General Negative Feedback; Poor Customer Service
649,slow cumbersome,negative,-0.3,Poor Customer Service
650,Is really üíÄ,positive,0.2,Uncategorized Feedback
651,It's slow to send OTP. it's not reliable. It crushed many times. It needs improvement in many ways,positive,0.15,Poor Customer Service; Positive User Experience & Features
652,"This is the worst mobile banking experience I‚Äôve ever had. It doesn‚Äôt work when you need it, and it randomly updates itself without warning. You can‚Äôt make transactions whenever you want. It‚Äôs a nightmare for anyone who relies on this as their main banking option, especially those with a lot of money in their account. I‚Äôm lucky I‚Äôm not one of them, but still, it‚Äôs infuriating not being able to access your money when you need it.""l",negative,-0.1571428571428571,General Negative Feedback
653,"I have experienced on using the app of Banks in Ethiopia, this Dashen sup is like old version of the applications for using. I gave 3 star for it's very low speed while login and processing",positive,0.3,Uncategorized Feedback
654,proud by dashen bank,positive,0.8,Uncategorized Feedback
655,best,positive,1.0,Uncategorized Feedback
656,best of best,positive,1.0,Uncategorized Feedback
657,nice,positive,0.6,Uncategorized Feedback
658,This app is not working unless you turn off developer mode on your phone. So it takes your rights to just use it.,neutral,0.0,App Performance & Stability Issues
659,real super up,positive,0.5,Uncategorized Feedback
660,it's very disappointing fix it as soon as possible not expected from dashin bank fix it,negative,-0.2433333333333333,General Negative Feedback
661,why dashen bank workers hidden my ATM Card üèß?it's a big problem to me,neutral,-0.0833333333333333,Uncategorized Feedback
662,good,positive,0.7,Uncategorized Feedback
663,tanku,neutral,0.0,Uncategorized Feedback
664,very nice,positive,0.78,Uncategorized Feedback
665,perfect,positive,1.0,Positive User Experience & Features
666,goood,neutral,0.0,Uncategorized Feedback
667,why does it ask me for both pin and opt even the opt is touch let alone both,neutral,0.0,Uncategorized Feedback
668,it is best app easy to use,positive,0.7166666666666667,Positive User Experience & Features
669,It is very easy to use and powerful application.,positive,0.4316666666666666,Positive User Experience & Features
670,this apps have a good feature but but some features like developer mode turn off irritate user,positive,0.7,Uncategorized Feedback
671,"This is not only a mobile banking app, it is beyond that. We will access our account easily, we are able to get many information easily here. i.e. exchage rate. We are able to chat with others, we are able to budget, we are able to transfer to other bank and within Dashen. we are able to access many accounts in a single app, we are able to pay bills in QR scan, we are able to make payments and order delivery items here in a single app. #Always one step ahead.",positive,0.339920634920635,Uncategorized Feedback
672,wallahi very fantastic Bank,positive,0.52,Positive User Experience & Features
673,"Waw, It's amazing app. thank you Dashen Bank.",positive,0.6000000000000001,Positive User Experience & Features
674,ok,positive,0.5,Uncategorized Feedback
675,nice app,positive,0.6,Uncategorized Feedback
676,"I‚Äôve been using the Dashen Bank Super App for a while now, and it‚Äôs been a game-changer. The app is super fast and reliable‚ÄîI‚Äôve never had an issue with transactions being delayed. One of my favorite features is the chat banking, which makes it so easy to do things like check my balance or transfer money just by typing a quick message. The budgeting tool is also really useful. It helps me keep track of my spending and gives me a clear picture of where",positive,0.3166666666666666,Positive User Experience & Features
677,good,positive,0.7,Uncategorized Feedback
678,nice application,positive,0.6,Uncategorized Feedback
679,Very good app that like it too. B/c it is very fast and easy to use.,positive,0.5344444444444444,Positive User Experience & Features
680,best experiences,positive,1.0,Uncategorized Feedback
681,too slow to use.,negative,-0.3,Poor Customer Service
682,·å•·à© ·äê·ãç,neutral,0.0,Uncategorized Feedback
683,the worst app in the market only good ui,negative,-0.1,General Negative Feedback
684,nic,neutral,0.0,Uncategorized Feedback
685,·â†·å£·àù ·âÖ·àç·àç ·ã´·àà ·ä†·çï ·â†·à≠·â±·àç·äï ·àà·ä†·å†·âÉ·âÄ·àù ·àù·âπ,neutral,0.0,Uncategorized Feedback
686,thanks for all digital transaction,neutral,0.1,Uncategorized Feedback
687,Good,positive,0.7,Uncategorized Feedback
688,Best,positive,1.0,Uncategorized Feedback
689,Good,positive,0.7,Uncategorized Feedback
690,"This app is not supporting smart phones that have old android version and so it is none inclusive. At the same time the amole lite is not working properly and once you reached to maximum otp trail mistakes due to network or other errors like stacks , you will be tied up to make Transactions. Ohh... tired!!!!!",negative,-0.1325892857142857,App Performance & Stability Issues
691,it's Be Come Busy &not working good,positive,0.3999999999999999,App Performance & Stability Issues
692,I wanted to share some concerns about your Supper App. It appears to be experiencing reliability issues and isn‚Äôt performing as expected. I hope this can be addressed soon to improve the user experience. One star üåü for now.,neutral,-0.1,Neutral/Functional Feedback
693,"best ever digital banking sector essay for understanding ,smart and convince for using",positive,0.4047619047619047,Uncategorized Feedback
694,good and latest,positive,0.6,Uncategorized Feedback
695,The best App of all,positive,1.0,Uncategorized Feedback
696,Worst app ever,negative,-1.0,General Negative Feedback
697,"This app is the most unreliable mobile banking application I have ever used for transaction, it is very late, non-responsive and full of bugs. Its is very disappointing. It is just inconvinient, and not user friendly and compatabke at all !!!!!!",positive,0.1359999999999999,Excellent Customer Service; General Negative Feedback; Positive User Experience & Features
698,Naiycapp,neutral,0.0,Uncategorized Feedback
699,Good,positive,0.7,Uncategorized Feedback
700,The app is good but it has no USSD option,positive,0.7,Uncategorized Feedback
701,Hey great,positive,0.8,Positive User Experience & Features
702,I have used many mobile banking and also tellebir and mpesa nothing come close to this app. Well done Dashen indeed one step a head. A lot of cool features that amole hasn't the receipt and the account statement is superb for me. I hope you add more integrated small apps to.,positive,0.42,Uncategorized Feedback
703,The app is good but it ask update every week so tiring,positive,0.7,Uncategorized Feedback
704,It good and easy to use,positive,0.5666666666666667,Positive User Experience & Features
705,·â†·å£·àù ·ä†·à™·çç ·àò·â∞·åç·â†·à™·ã´ ·äê·ãç ·ç¢ ·ä†·àò·à†·åç·äì·àà·àÅ ·ç¢,neutral,0.0,Uncategorized Feedback
706,"Greately improved since it was released! I really like the budget and expense tegistration feature. For ATM or POS withdrawals, it is not possible to account these expenses, even if it is visible on the transactions window. If that can be worked on, it will be improve so much!!",positive,0.1708333333333333,Positive User Experience & Features
707,Excellent,positive,1.0,Positive User Experience & Features
708,Good,positive,0.7,Uncategorized Feedback
709,Wow Excellent app,positive,0.55,Positive User Experience & Features
710,Nice app but i experience some issues with others banks transfer it keeps saying account is not exist most of the time.,positive,0.55,Uncategorized Feedback
711,Add the option to send money to any telebirr account like amole does.,neutral,0.0,Uncategorized Feedback
712,It's best,positive,1.0,Uncategorized Feedback
713,no one dashen yichlal,neutral,0.0,Uncategorized Feedback
714,In short ! I'm so proud of this app developers for their highest professional of developing. Thanks,positive,0.275,Excellent Customer Service
715,The speed is too slow. Need some improvements.,negative,-0.3,Poor Customer Service
716,good app,positive,0.7,Uncategorized Feedback
717,Fantastic app,positive,0.4,Positive User Experience & Features
718,Good,positive,0.7,Uncategorized Feedback
719,I wish dark mode feature is add as an option but it's good app,positive,0.2749999999999999,Uncategorized Feedback
720,"Super Up is the ultimate digital banking app, living up to its name with speed, efficiency, and innovation. Designed for a seamless experience, it offers lightning-fast transactions, top-tier security, and effortless financial management. With Super Up, banking has never been this smooth, smart, and super!",positive,0.1897619047619047,Positive User Experience & Features
721,"The Dashen Super App is a game-changer in digital banking, offering a seamless and convenient experience. With its user-friendly interface, fast transactions, and a wide range of financial services, it simplifies banking for customers. Features like bill payments, fund transfers, mobile top-ups, and loan applications make it an all-in-one solution. Plus, its security measures ensure safe and reliable Experiance effortless banking",positive,0.1476190476190476,Excellent Customer Service; Positive User Experience & Features
722,·ä®·å∞·äê·å®·ã®·å†,neutral,0.0,Uncategorized Feedback
723,"It has good feature. But, it is Very Slow! difficult to pay or receive. The Speed should be improved, else I didn't recommend.",neutral,-0.0958333333333333,Poor Customer Service
724,Excellent app,positive,1.0,Positive User Experience & Features
725,·ä†·çï·àç·ä¨·àΩ·äë ·ä†·à™·çç ·àÜ·äñ ·à≥·àà ·â¥·àå·â•·à≠ ·ãà·ã∞·à´·àµ ·â•·âª ·àà·àù·äï ·àÜ·äê ·ä•·äï·ã∞ ·ãµ·àÆ·ãç ·àà·à∞·ãç·àù ·àò·àã·ä≠ ·â¢·âª·àç,neutral,0.0,Uncategorized Feedback
726,No good,negative,-0.35,Uncategorized Feedback
727,Wow amazing app,positive,0.35,Positive User Experience & Features
728,best platform... Please avoid otp,positive,1.0,Uncategorized Feedback
729,Super smart app.,positive,0.2738095238095238,Uncategorized Feedback
730,best üëçüëç,positive,1.0,Uncategorized Feedback
731,I don't know what happens but the application is not send verification pass code you should fix that,neutral,0.0,Uncategorized Feedback
732,This app doesn't work on my phone my phone is Samsung Galaxy s7 android version 9 All other financial apps work like telebirr CBE M_pesa...,neutral,-0.0625,Uncategorized Feedback
733,"Dashen Super app is secure, very easy to use and has more services uniquely like budgeting, chat, IPS...",positive,0.4343333333333333,Positive User Experience & Features
734,Amazing and user friendly supper app and looking forward the additional features,positive,0.4875,Excellent Customer Service; Positive User Experience & Features
735,it's amazing app i have seen ever,positive,0.6000000000000001,Positive User Experience & Features
736,One star deducted for not to able to transfer to telebirr.,positive,0.5,Uncategorized Feedback
737,·å•·à© ·äê·ãç ·åç·äï ·â†·ã∞·äï·â• ·àä·à∏·àª·àç ·ã≠·åà·â£·àç,neutral,0.0,Uncategorized Feedback
738,·çç·å•·äê·â± ·â†·å£·àù ·ä†·à™·çç ·äê·ãç! ·ä•·äì ·âÄ·àà·àç ·ã´·àà ·äê·ãç ! ·äê·åà·à≠ ·åç·äï ·â∞·å®·àõ·à™ ·ãà·ã∞ ·â¥·àå·â•·à≠ ·ä§·åÄ·äï·âµ ·àò·àã·ä™·ã´ ·ä†·çï ·â¢·ä´·â∞·âµ·â†·âµ ·å•·à© ·äê·ãç::,neutral,0.0,Uncategorized Feedback
739,Keep up the good work and pleas add water and electric utility payment,positive,0.7,Uncategorized Feedback
740,The app missed some important features 1. It does't show recent transactions 2. Transfer to Telebirr limited to own telebirr 3. The statement does't show running balance,positive,0.2321428571428571,Uncategorized Feedback
741,"Simple, Fast and Easy ‚≠ê‚≠ê‚≠êüéâ",positive,0.2111111111111111,Positive User Experience & Features
742,"·ã®·àö·åà·à≠·àù aplication ·äê·ãç, ·äê·åà·à≠ ·åç·äï ·â•·à≠ ·âµ·à´·äï·àµ·çà·à≠ ·à≤·ã∞·à®·åç ·ã´·àà ·çí·äï ·àò·àÜ·äë risk ·ä†·àà·ãç ·àÅ·àâ ·åä·ãú ·ã® ·âµ·à´·äï·àµ·çà·à≠ ·àò·ã∞·àù·ã∞·àö·ã´ ·çí·äï ·àò·àÜ·äï ·ä†·àà·â†·âµ!!!!!!!!!!!!:: ·ä†·à± ·â¢·àµ·â∞·ä´·ä®·àç 5 star ·ä†·àµ·ä®·ãõ·ãç ·åç·äï 4 ·à∞·å•·âª·àà·ãç::",neutral,0.0,Uncategorized Feedback
743,Baankii daashin baankii hudna galeessa galatoomaa isinii woliin jirra Godina jimmaa magaalaa Aggaaroo irraa Muaz Abamecha Abamilki,neutral,0.0,Uncategorized Feedback
744,Good,positive,0.7,Uncategorized Feedback
745,It doesn't work,neutral,0.0,Uncategorized Feedback
746,"#Dashen Super App; Super easy to use, secure, and fast transaction. Love it!",positive,0.3875,Positive User Experience & Features
747,"I tried the new Dash Bank Super App today, and it's amazingly easy and fun.I recommend you download and use it. You really like it",positive,0.2757575757575757,Positive User Experience & Features
748,Gud app kegza ga mezmn endze new aind ermjh kedme nachu hlam,positive,0.1363636363636363,Uncategorized Feedback
749,"Good app, bad security",neutral,5.551115123125783e-17,Uncategorized Feedback
750,On Transaction page only show sent Transaction. Try to include received transaction.,neutral,0.0,Uncategorized Feedback
751,Wonderful Application üòç,positive,1.0,Uncategorized Feedback
752,I loved it,positive,0.7,Uncategorized Feedback
753,·ä†·àÅ·äï ·åà·äì ·ä†·äï·ãµ ·ä•·à≠·àù·åÉ ·âÄ·ã∞·àõ·âΩ·ãç,neutral,0.0,Uncategorized Feedback
754,I am so thankful for having this best app Dashen one step ahead,positive,1.0,Uncategorized Feedback
755,Not good this app,negative,-0.35,Uncategorized Feedback
756,Best app,positive,1.0,Uncategorized Feedback
757,Excellent app ever but it needs improvement on speed and transaction lists,positive,1.0,Positive User Experience & Features
758,Perfect,positive,1.0,Positive User Experience & Features
759,"It does not work functional ,",neutral,0.0,App Performance & Stability Issues
760,Ok,positive,0.5,Uncategorized Feedback
761,all of dashen bank customers use the application it is good to use,positive,0.7,Uncategorized Feedback
762,Gret experience,neutral,0.0,Uncategorized Feedback
763,All good we need more,positive,0.6,Uncategorized Feedback
764,"Dashen super app is easy to use, fast and robust",positive,0.3222222222222222,Positive User Experience & Features
765,it was amazing app.....thank you dashen bank....,positive,0.6000000000000001,Positive User Experience & Features
766,Dashen bank super app for easy life.,positive,0.3833333333333333,Uncategorized Feedback
767,Excellent UI/UX and beyond Banking servicesüëçüëç,positive,1.0,Positive User Experience & Features
768,Send to oher bank ·ã®·àö·àà·ãâ ·ãâ·àµ·å• ·åà·â•·â∞·äï ·ãà·ã∞ addisinternational bank ·àà·àò·àã·ä≠ ·ä†·ã≠·à∞·à´·àù ·àÅ·àà·â∞·äõ ·ã∞·åç·àû ·ãà·ã∞ cbe birr ·àà·àò·àã·ä≠ account number ·ã≠·å†·ã≠·âÉ·àç ·àû·â£·ã≠·àç ·äê·â†·à≠ ·äê·ãâ ·àò·å†·ã®·âÖ ·ã´·àà·â†·âµ ·ã≠·àò·àµ·àà·äõ·àç,neutral,0.0,Uncategorized Feedback
769,Best,positive,1.0,Uncategorized Feedback
770,Just Wow,neutral,0.1,Uncategorized Feedback
771,mobile banking to the next level,neutral,0.0,Uncategorized Feedback
772,Nice,positive,0.6,Uncategorized Feedback
773,The first 3 star review is me,positive,0.25,Uncategorized Feedback
774,Is not working,neutral,0.0,App Performance & Stability Issues
775,"Fast, reliable and user friendly. Amazing chatting features. Keep it up! Always one step ahead!",positive,0.5041666666666668,Excellent Customer Service; Positive User Experience & Features
776,V good ‚ùóÔ∏è,positive,0.7,Uncategorized Feedback
777,"This app is literally the best thing ever The chat banking is so easy just text and it‚Äôs done Super smooth, fast, and honestly a life saverIf you haven‚Äôt downloaded it yet you‚Äôre missing out big time",positive,0.3458333333333333,Positive User Experience & Features
778,I only see white page,neutral,0.0,Uncategorized Feedback
779,Excellent banking app for all your needs! Who needs a physical branch when you can use Dashen Bank Super App Instead! I've never had an issue with anything that Dashen Bank Super App haven't handled swiftly and resolved to my satisfaction and above I don't often write reviews but this is an app/bank that I would highly recommended to everyone üíØ üëåüëç,positive,0.3183333333333333,Positive User Experience & Features
780,Amizing Application üòç,neutral,0.0,Uncategorized Feedback
781,Fastest and easy to use,positive,0.4333333333333333,Positive User Experience & Features
782,Ok,positive,0.5,Uncategorized Feedback
783,·å•·à© ·äê·ãç,neutral,0.0,Uncategorized Feedback
784,·àµ·àù ·â•·âª üòè,neutral,0.0,Uncategorized Feedback
785,Exellent app with exellent banking system and exellent bank ever,neutral,0.0,Uncategorized Feedback
786,Amazing app to use as usual! But why option of transferring to Telebirr and M pesa which was available on Amole app is omitted?? Dasheen is my favourite keep it up.,positive,0.2291666666666667,Positive User Experience & Features
787,Needs some improvement,neutral,0.0,Uncategorized Feedback
788,Amazing,positive,0.6000000000000001,Positive User Experience & Features
789,Amazing super app,positive,0.4666666666666667,Positive User Experience & Features
790,I hope it will be better than amole,positive,0.5,Uncategorized Feedback
791,Wly Super App ilove it ‚ù§Ô∏è üòç üíñ üíï,positive,0.3333333333333333,Uncategorized Feedback
792,Wow,neutral,0.1,Uncategorized Feedback
793,Dashen yichalal. Ewnetem one step a head,neutral,0.0,Uncategorized Feedback
794,It has a Good performance but need more upgrade for more performance like when we login account not be fast balance show other thing looking good. Carry on. Thanks so much for Greatest service,positive,0.4305555555555556,Positive User Experience & Features
795,"It is a very wonderful work that has saved its time. That is why it is ""Always one step ahead!""",positive,1.0,Uncategorized Feedback
796,‚ÄúLife-changing!‚Äù I can‚Äôt imagine going back to traditional banking after using this app. It‚Äôs so convenient.,neutral,0.0,Positive User Experience & Features
797,Pro max,neutral,0.0,Uncategorized Feedback
